Aarakocra,Aarakocra,25,M,3,30,Common;Aarakocra;Auran,Often good,0,2,0,0,1,0,Flight:You have a flying speed of 50 feet. To use this speed$ you can’t be wearing medium or heavy armor.;Talons:Your talons are natural weapons$ which you can use to make unarmed strikes. If you hit with them$ you deal slashing damage equal to 1d4 + your Strength modifier$ instead of the bludgeoning damage normal for an unarmed strike.,,,,
Aasimar,Protector Aasimar,30,M,18,160,Common;Celestial,Often Neutral/Evil,0,0,0,1,0,2,Darkvison:You have superior vision in dark and dim conditions. You can see in dim light within 60 feet of you as if it were bright light$ and in darkness as if it were dim light. You can’t discern color in darkness$ only shades of gray.;Celestial Resistance:You have resistance to necrotic damage and radiant damage.;Healing Hands:As an action$ you can touch a creature and cause it to regain a number of hit points equal to your level. Once you use this trait$ you can't use it again until you finish a long rest.;Light Bearer:You know the light cantrip. Charisma is your spellcasting ability for it.;Radiant Soul:Starting at 3rd level$ you can use your action to unleash the divine energy within yourself$ causing your eyes to glimmer and two luminous$ incorporeal wings to sprout from your back.<>Your transformation lasts for 1 minute or until you end it as a bonus action. During it$ you have a flying speed of 30 feet$ and once on each of your turns$ you can deal extra radiant damage to one target when you deal damage to it with an attack or a spell. The extra radiant damage equals your level.<>Once you use this trait$ you can't use it again until you finish a long rest.,,,,
Aasimar,Scourge Aasimar,30,M,18,160,Common;Celestial,Often Good,0,0,1,0,0,2,Darkvison:You have superior vision in dark and dim conditions. You can see in dim light within 60 feet of you as if it were bright light$ and in darkness as if it were dim light. You can’t discern color in darkness$ only shades of gray.;Celestial Resistance:You have resistance to necrotic damage and radiant damage.;Healing Hands:As an action$ you can touch a crea-ture and cause it to regain a number of hit points equal to your level. Once you use this trait$ you can't use it again until you finish a long rest.;Light Bearer:You know the light cantrip. Charisma is your spellcasting ability for it.;Radiant Consumption:Starting at 3rd level$ you can use your action to unleash the divine energy within yourself$ causing a searing light to radiate from you$ pour out of your eyes and mouth$ and threaten to char you.<>Your transformation lasts for 1 minute or until you end it as a bonus action. During it$ you shed bright light in a  10-foot radius and dim light for an additional 10 feet$ and at the end of each of your turns$ you and each creature within 10 feet of you take radiant damage equal to half your level (rounded up). In addition$ once on each of your turns$ you can deal extra radiant damage to one target when you deal damage to it with an attack or a spell. The extra radiant damage equals your level.<>Once you use this trait$ you can't use it again until you finish a long rest. ,,,,
Aasimar,Fallen Aasimar,30,M,18,160,Common;Celestial,Often Good,1,0,0,0,0,2,Darkvison:You have superior vision in dark and dim conditions. You can see in dim light within 60 feet of you as if it were bright light$ and in darkness as if it were dim light. You can’t discern color in darkness$ only shades of gray.;Celestial Resistance:You have resistance to necrotic damage and radiant damage.;Healing Hands:As an action$ you can touch a crea-ture and cause it to regain a number of hit points equal to your level. Once you use this trait$ you can't use it again until you finish a long rest.;Light Bearer:You know the light cantrip. Charisma is your spellcasting ability for it.;Necrotic Shroud:Starting at 3rd level$ you can use your action to unleash the divine energy within yourself$ causing your eyes to turn into pools of darkness and two skeletal$ ghostly$ flightless wings to sprout from your back. The instant you transform$ other creatures within 10 feet of you that can see you must each succeed on a Charisma saving throw (DC 8 + your proficiency bonus + your Charisma modifier) or become frightened of you until the end of your next turn.<>Your transformation lasts for 1 minute or until you end it as a bonus action. During it$ once on each of your turns$ you can deal extra necrotic damage to one target when you deal damage to it with an attack or a spell. The extra necrotic damage equals your level.<>Once you use this trait$ you can't use it again until you finish a long rest.,,,,
Bugbear,Bugbear,30,M,16,80,Common;Goblin,Tend to be chaotic evil,2,1,0,0,0,0,Darkvision:You can see in dim light within 60 feet of you as if it were bright light$ and in darkness as if it were dim light. You can't discern color in darkness$ only shades of gray.;Long-Limbed:When you make a melee attack on your turn$ your reach for it is 5 feet greater than normal.;Powerful Build:You count as one size larger when determining your carrying capacity and the weight you can push$ drag$ or lift.;Suprise Attack:If you surprise a creature and hit it with an attack on your first turn in combat$ the attack deals an extra 2d6 damage to it. You can use this trait only once per combat.,,,,Stealth
Centaur,Centaur,40,M,18,80,Common;Sylvan,Tend to be neutral,2,0,0,0,1,0,Fey:Your creature type is fey$ rather than humanoid.;Charge:If you move at least 30 feet straight toward a target and then hit it  with a melee weapon attack on the same turn$ you can immediately follow that attack with a bonus action$ making one attack against the target with your hooves.;Hooves:Your hooves are natural melee weapons$ which you can use to make unarmed strikes. If you hit with them$ you deal bludgeoning damage equal to 1d4 + your Strength modifier$ instead of the bludgeoning damage normal for an unarmed strike.;Equine Build:You count as one size larger when determining your carrying capacity and the weight you can push or drag.<br>In addition$ any climb that requires hands and feet is especially difficult for you because of your equine legs. When you make such a climb$ each foot of movement costs you 4 extra feet$ instead of the normal 1 extra foot.,,,,Choose 1 from:Animal Handling|Medicine|Nature|Survival
Centaur,Centaur (UA),40,M,18,80,Common;Sylvan,Tend to be neutral,2,0,0,0,1,0,Charge:If you move at least 20 feet straight toward a target and then hit it with a melee weapon attack on the same turn$ roll the weapon’s damage dice twice and add them together. Once you use this ability$ you can’t use it again until you finish a short or long rest.;Hooves:Your hooves are natural melee weapons$ with which you’re proficient. If you hit with a hoof$ the target takes bludgeoning damage equal to 1d6 + your Strength modifier.;Equine Build:You count as one size larger when determining your carrying capacity and the weight you can push or drag.<br>In addition$ any climb that requires hands and feet is especially difficult for you because of your hooves. When you make such a climb$ each foot of movement costs you 4 extra feet$ instead of the normal 1 extra foot.<br>Finally$ a Medium or smaller creature can ride on your equine back if you allow it. In such a situation$ you continue to act independently$ not as a controlled mount.;Hybrid Nature:You have two creature types~ humanoid and monstrosity. You can be affected by a game effect if it works on either of your creature types.,,,,Survival
Changeling,Changeling,30,M,16,80,Common;Any One Language;Any One Language,Often neutral,0,0,0,0,0,2,Ability Score Increase:Your Dexterity or your Intelligence increases by 1 (your choice).;Shapechanger:As an action$ you can transform your appearance or revert to your natural form. You can’t duplicate the appearance of a creature you’ve never seen$ and you revert to your natural form if you die.<>You decide what you look like$ including your height$ weight$ facial features$ the sound of your voice$ coloration$ hair length$ sex$ and any other distinguishing characteristics. You can make yourself appear as a member of another race$ though none of your game statistics change. You also can’t appear as a creature of a different size than you$ and your basic shape stays the same. If you’re bipedal$ you can’t use this trait to become quadrupedal$ for instance. Your clothing and other equipment don’t changeinappearance$ size$ or shape to match your new form$ requiring you to keep a few extra outfits on hand to make the most compelling disguise possible.<>Even to the most astute observers$ your ruse is usually indiscernible. If you rouse suspicion$ or if a wary creature suspects something is amiss$ you have advantage on any Charisma (Deception) check you make to avoid detection.;Unsettling Visage:When a creature you can see makes an attack roll against you$ you can use your reaction to impose disadvantage on the roll. You must use this feature before knowing whether the attack hits or misses.<>Using this trait reveals your shapeshifting nature to any creature within 30 feet that can see you. Once you use this trait$ youcan’t use it again until you finish a short or long rest.;Divergent Persona:You gain proficiency with one tool of your choice. Define a persona associated with that proficiency~ establish the name$ race$ gender$ age$ and other details. While you are in the form of this persona$ the related proficiency bonus is doubled for any ability check you make that uses that proficiency.,,,,Choose 2 from:Deception|Insight|Intimidation|Persuasion
Dragonborn,Black Dragonborn,30,M,15,80,Common;Draconic,Extremes$ mostly good,2,0,0,0,0,1,Breath Weapon:Acid$ 5 by 30 ft. line (Dex. save);Acid Resistance:You are resistant to acid damage.,,,,
Dragonborn,Blue Dragonborn,30,M,15,80,Common;Draconic,Extremes$ mostly good,2,0,0,0,0,1,Breath Weapon:Lightning$ 5 by 30 ft. line (Dex. save);Lightning Resistance:You are resistant to lightning damage.,,,,
Dragonborn,Brass Dragonborn,30,M,15,80,Common;Draconic,Extremes$ mostly good,2,0,0,0,0,1,Breath Weapon:Fire$ 5 by 30 ft. line (Dex. save);Fire Resistance:You are resistant to fire damage.,,,,
Dragonborn,Bronze Dragonborn,30,M,15,80,Common;Draconic,Extremes$ mostly good,2,0,0,0,0,1,Breath Weapon:Lightning$ 5 by 30 ft. line (Dex. save);Lightning Resistance:You are resistant to lightning damage.,,,,
Dragonborn,Copper Dragonborn,30,M,15,80,Common;Draconic,Extremes$ mostly good,2,0,0,0,0,1,Breath Weapon:Acid$ 5 by 30 ft. line (Dex. save);Acid Resistance:You are resistant to acid damage.,,,,
Dragonborn,Draconblood,30,M,15,80,Common;Draconic,Extremes$ mostly good,0,0,0,2,0,1,Breath Weapon:Choose a dragonborn ancestry and it's associated Breath Weapon. You do not have the associated Damage Resistance trait.;Darkvison:You have superior vision in dark and dim conditions. You can see in dim light within 60 feet of you as if it were bright light$ and in darkness as if it were dim light. You can’t discern color in darkness$ only shades of gray.;Forceful Presence:You can use your understanding of creative diplomacy or intimidation to guide a con­versation in your favor. When you make a Charisma (Intimidation or Persuasion) check$ you can do so with advantage. Once you use this trait$ you can't do so again until you finish a short or long rest.,,,,
Dragonborn,Gold Dragonborn,30,M,15,80,Common;Draconic,Extremes$ mostly good,2,0,0,0,0,1,Breath Weapon:Fire$ 15 ft. cone (Dex. save);Fire Resistance:You are resistant to fire damage.,,,,
Dragonborn,Green Dragonborn,30,M,15,80,Common;Draconic,Extremes$ mostly good,2,0,0,0,0,1,Breath Weapon:Poison$ 15 ft. cone (Con. save);Poison Resistance:You are resistant to poison damage.,,,,
Dragonborn,Ravenite,30,M,15,80,Common;Draconic,Extremes$ mostly good,2,0,1,0,0,0,Breath Weapon:Choose a dragonborn ancestry and it's associated Breath Weapon. You do not have the associated Damage Resistance trait.;Darkvision:You can see in dim light within 60 feet of you as if it were bright light$ and in darkness as if it were dim light. You can't discern color in darkness$ only shades of gray.;Vengeful Assault:When you take damage from a creature in range of a weapon you are wielding$ you can use your reaction to make an attack with the weapon against that creature. Once you use this trait$ you can't do so again until you finish a short or long rest.,,,,
Dragonborn,Red Dragonborn,30,M,15,80,Common;Draconic,Extremes$ mostly good,2,0,0,0,0,1,Breath Weapon:Fire$ 15 ft. cone (Dex. save);Fire Resistance:You are resistant to fire damage.,,,,
Dragonborn,Silver Dragonborn,30,M,15,80,Common;Draconic,Extremes$ mostly good,2,0,0,0,0,1,Breath Weapon:Cold$ 15 ft. cone (Con. save);Cold Resistance:You are resistant to cold damage.,,,,
Dragonborn,White Dragonborn,30,M,15,80,Common;Draconic,Extremes$ mostly good,2,0,0,0,0,1,Breath Weapon:Cold$ 15 ft. cone (Con. save);Cold Resistance:You are resistant to cold damage.,,,,
Dwarf,Hill Dwarf,25,M,50,350,Common;Dwarvish,Lawful,0,0,2,0,1,0,Darkvison:You have superior vision in dark and dim conditions. You can see in dim light within 60 feet of you as if it were bright light$ and in darkness as if it were dim light. You can’t discern color in darkness$ only shades of gray.;Dwarven Resilience:You have advantage on saving throws against poison$ and you have resistance against poison damage.;Stonecunning:Whenever you make an Intelligence (History) check related to the origin of stonework$ you are considered proficient in the History skill and add double your proficiency bonus to the check$ instead of your normal proficiency bonus.;Dwarven Toughness:Your hit point maximum increases by 1$ and it increases by 1 every time you gain a level.,,smith's tools|brewer's supplies|mason's tools,Battleaxe;hand axe;light hammer;warhammer,
Dwarf,Mountain Dwarf,25,M,50,350,Common;Dwarvish,Lawful,2,0,2,0,0,0,Darkvison:You have superior vision in dark and dim conditions. You can see in dim light within 60 feet of you as if it were bright light$ and in darkness as if it were dim light. You can’t discern color in darkness$ only shades of gray.;Dwarven Resilience:You have advantage on saving throws against poison$ and you have resistance against poison damage.;Stonecunning:Whenever you make an Intelligence (History) check related to the origin of stonework$ you are considered proficient in the History skill and add double your proficiency bonus to the check$ instead of your normal proficiency bonus.,Light Armor;Medium Armor,smith's tools|brewer's supplies|mason's tools,Battleaxe;hand axe;light hammer;warhammer,
Dwarf,Duergar,25,M,50,350,Common;Dwarvish,Lawful,1,0,2,0,0,0,Superior Darkvision:You can see in dim light within 120 feet of you as if it were bright light$ and in darkness as if it were dim light. You can't discern color in darkness$ only shades of gray.;Duergar Resilience:You have advantage on saving throws against illusions and against being charmed or paralyzed.;Duergar Magic;When you reach 3rd level$ you can cast the <i>Enlarge/Reduce</i> spell on yourself once with this trait$ using only the spell's enlarge option. When you reach 5th level$ you can cast the <i>Invisibility</i> spell on yourself once with this trait. You don't need material components for either spell$ and you can't cast them while you're in direct sunlight$ although sunlight has no effect on them once cast. You regain the ability to cast these spells with this trait when you finish a long rest. Intelligence is your spellcasting ability for these spells.;Sunlight Sensitivity:You have disadvantage on Attack rolls and Wisdom (Perception) checks that rely on sight when you$ the target of your attack$ or whatever you are trying to perceive is in direct sunlight.,,,,
Elf,Drow Elf,30,M,100,750,Common;Elvish;Drow Hand Signs,Often chaotic and evil,0,2,0,0,0,1,Superior darkvision:Your darkvision has a radius of 120 feet.;Trance:Elves don’t need to sleep. Instead$ they meditate deeply$ remaining semiconscious$ for 4 hours a day. (The Common word for such meditation is 'trance.') While meditating$ you can dream after a fashion$ such dreams are actually mental exercises that have become reflexive through years of practice. After resting in this way$ you gain the same benefit that a human does from 8 hours of sleep.;Sunlight sensitivity:You have disadvantage on attack rolls and on Wisdom (Perception) checks that rely on sight when you$ the target of your attack$ or whatever you are trying to perceive is in direct sunlight.;Drow Magic:You know the dancing lights cantrip. When you reach 3rd level$ you can cast the faerie fire spell once with this trait and regain the ability to do so when you finish a long rest. When you reach 5th level$ you can cast the darkness spell once with this trait and regain the ability to do so when you finish a long rest. Charisma is your spellcasting ability for these spells.,,,Rapier;shortsword;scimitar;hand crossbow,Perception
Elf,Eladrin,30,M,100,750,Common;Elven,Often chaotic,0,2,0,0,0,1,Darkvison:You have superior vision in dark and dim conditions. You can see in dim light within 60 feet of you as if it were bright light$ and in darkness as if it were dim light. You can’t discern color in darkness$ only shades of gray.;Fey Ancestry:You have advantage on saving throws against being charmed$ and magic can’t put you to sleep.;Trance:Elves don’t need to sleep. Instead$ they meditate deeply$ remaining semiconscious$ for 4 hours a day. (The Common word for such meditation is 'trance.') While meditating$ you can dream after a fashion$ such dreams are actually mental exercises that have become reflexive through years of practice. After resting in this way$ you gain the same benefit that a human does from 8 hours of sleep.;Fey Step:As a bonus action$ you can magically teleport up to 30 feet to an unoccupied space you can see. Once you use this trait$ you can't do so again until you finish a short or long rest.<>When you reach 3rd level$ your Fey Step gains an additional effect based on your season$ if the effect requires a saving throw$ the DC equals 8 + your proficiency bonus + your Charisma modifier. The effects are as follows~<><b>Autumn.</b> Immediately after you use your Fey Step$ up to two creatures of your choice that you can see within 10 feet of you must succeed on a Wisdom saving throw or be charmed by you for 1 minute$ or until you or your companions deal any damage to it.<><b>Winter.</b> When you use your Fey Step$ one creature of your choice that you can see within 5 feet of you before you teleport must succeed on a Wisdom saving throw or be frightened of you until the end of your next turn.<><b>Spring.</b> When you use your Fey Step$ you can touch one willing creature within 5 feet of you. That creature then teleports instead of you$ appearing in an unoccupied space of your choice that you can see within 30 feet of you.<><b>Summer.</b> Immediately after you use your Fey Step$ each creature of your choice that you can see within 5 feet of you takes fire damage equal to your Charisma modifier (minimum of 1 damage).,,,,Perception
Elf,High Elf,30,M,100,750,Common;Elvish;Any One Language,Often chaotic and good,0,2,0,1,0,0,Darkvison:You have superior vision in dark and dim conditions. You can see in dim light within 60 feet of you as if it were bright light$ and in darkness as if it were dim light. You can’t discern color in darkness$ only shades of gray.;Fey Ancestry:You have advantage on saving throws against being charmed$ and magic can’t put you to sleep.;Trance:Elves don’t need to sleep. Instead$ they meditate deeply$ remaining semiconscious$ for 4 hours a day. (The Common word for such meditation is 'trance.') While meditating$ you can dream after a fashion$ such dreams are actually mental exercises that have become reflexive through years of practice. After resting in this way$ you gain the same benefit that a human does from 8 hours of sleep.;Cantrip:You know one cantrip of your choice from the wizard spell list. Intelligence is your spellcasting ability for it.,,,Longsword;shortsword;shortbow;longbow,Perception
Elf,Pallid Elf,30,M,100,750,Common;Elvish,Often chaotic,0,2,0,0,1,0,Darkvison:You have superior vision in dark and dim conditions. You can see in dim light within 60 feet of you as if it were bright light$ and in darkness as if it were dim light. You can’t discern color in darkness$ only shades of gray.;Fey Ancestry:You have advantage on saving throws against being charmed$ and magic can’t put you to sleep.;Trance:Elves don’t need to sleep. Instead$ they meditate deeply$ remaining semiconscious$ for 4 hours a day. (The Common word for such meditation is 'trance.') While meditating$ you can dream after a fashion$ such dreams are actually mental exercises that have become reflexive through years of practice. After resting in this way$ you gain the same benefit that a human does from 8 hours of sleep.;Blessing of the Moon Weaver:You know the <i>light</i> cantrip. When you reach 3rd level$ you can cast the sleep spell once with this trait and regain the ability to do so  when you finish a long rest. When you reach 5th level$ you can cast the invisibility spell (targeting your­self only) once with this trait and regain the ability to do so when you finish a long rest. Casting these spells with this trait doesn't require material components. Wisdom is your spellcasting ability for these spells.;Incisive Sense:You have advantage on Intelligence (Investigation) and Wisdom (Insight) checks.,,,,Perception
Elf,Sea Elf,30,M,100,750,Common;Elven;Aquan,Often chaotic,0,2,1,0,0,0,Darkvison:You have superior vision in dark and dim conditions. You can see in dim light within 60 feet of you as if it were bright light$ and in darkness as if it were dim light. You can’t discern color in darkness$ only shades of gray.;Fey Ancestry:You have advantage on saving throws against being charmed$ and magic can’t put you to sleep.;Trance:Elves don’t need to sleep. Instead$ they meditate deeply$ remaining semiconscious$ for 4 hours a day. (The Common word for such meditation is 'trance.') While meditating$ you can dream after a fashion$ such dreams are actually mental exercises that have become reflexive through years of practice. After resting in this way$ you gain the same benefit that a human does from 8 hours of sleep.;Child of the Sea:You have a swimming speed of 30 feet$ and you can breathe air and water.;Friend of the Sea:Using gestures and sounds$ you can communicate simple ideas with any beast that has an innate swimming speed.,,,Spear;Trident;Light Crossbow;Net,Perception
Elf,Shadar-Kai,30,M,100,750,Common;Elvish,Often chaotic,0,2,1,0,0,0,Darkvison:You have superior vision in dark and dim conditions. You can see in dim light within 60 feet of you as if it were bright light$ and in darkness as if it were dim light. You can’t discern color in darkness$ only shades of gray.;Fey Ancestry:You have advantage on saving throws against being charmed$ and magic can’t put you to sleep.;Trance:Elves don’t need to sleep. Instead$ they meditate deeply$ remaining semiconscious$ for 4 hours a day. (The Common word for such meditation is 'trance.') While meditating$ you can dream after a fashion$ such dreams are actually mental exercises that have become reflexive through years of practice. After resting in this way$ you gain the same benefit that a human does from 8 hours of sleep.;Blessing of the Raven Queen:As a bonus action$ you can magically teleport up to 30 feet to an unoccupied space you can see. Once you use this trait$ you can't do so again until you finish a long rest. Starting at 3rd level$ you also gain resistance to all damage when you te leport using this trait. The resis-tance lasts until the start of your next turn. During that time$ you appear ghostly and translucent.,,,,Perception
Elf,Wood Elf,35,M,100,750,Common;Elvish,Often chaotic and good,0,2,0,0,1,0,Darkvison:You have superior vision in dark and dim conditions. You can see in dim light within 60 feet of you as if it were bright light$ and in darkness as if it were dim light. You can’t discern color in darkness$ only shades of gray.;Fey Ancestry:You have advantage on saving throws against being charmed$ and magic can’t put you to sleep.;Trance:Elves don’t need to sleep. Instead$ they meditate deeply$ remaining semiconscious$ for 4 hours a day. (The Common word for such meditation is 'trance.') While meditating$ you can dream after a fashion$ such dreams are actually mental exercises that have become reflexive through years of practice. After resting in this way$ you gain the same benefit that a human does from 8 hours of sleep.;Mask of the wild:You can attempt to hide even when you are only lightly obscured by foliage$ heavy rain$ falling snow$ mist$ and other natural phenomena.,,,Longsword;shortsword;shortbow;longbow,Perception
Firbolg,Firbolg,30,M,30,500,Common;Elvish;Giant,Typically neutral good,1,0,0,0,1,0,Firbolg Magic:You can cast <i>detect magic</i> and <i>disguise self</i> with this trait$ using Wisdom as your spell casting ability for them. Once you cast either spell$ you can't cast it again with this trait until you finish a short or long rest. When you use this version of disguise self$ you can seem up to 3 feet shorter than normal$ allowing you to more easily blend in with humans and elves.;Hidden Step:As a bonus action$ you can magically tum invisible until the start of your next turn or until you attack$ make a damage roll$ or force someone to make a saving throw. Once you use this trait$ you can't use it again until you finish a short or long rest.;Powerful Build:You count as one size larger when determining your carrying capacity and the weight you can push$ drag$ or lift.;Speech of Beast and Leaf:You have the ability to communicate in a limited manner with beasts and plants. They can understand the meaning of your words$ though you have no special ability to understand them in return. You have advantage on all Charisma checks you make to influence them.,,,,
Genasi,Air Genasi,30,M,18,120,Common;Primordial,Often Neutral,0,1,2,0,0,0,Unending Breath:You can hold your breath indefinitely while you’re not incapacitated.;Mingle with Wind:You can cast the levitate spell once with this trait$ requiring no material components$ and you regain the ability to cast it this way when you finish a long rest. Constitution is your spellcasting ability for this spell.,,,,
Genasi,Earth Genasi,30,M,18,120,Common;Primordial,Often Neutral,1,0,2,0,0,0,Earth Walk:You can move across difficult terrain made of earth or stone without expending extra movement.;Merge with Stone:You can cast the pass without trace spell once with this trait$ requiring no material components$ and you regain the ability to cast it this way when you finish a long rest. Constitution is your spellcasting ability for this spell.,,,,
Genasi,Fire Genasi,30,M,18,120,Common;Primordial,Often Neutral,0,0,2,1,0,0,Darkvison:You have superior vision in dark and dim conditions. You can see in dim light within 60 feet of you as if it were bright light$ and in darkness as if it were dim light. You can’t discern color in darkness$ only shades of gray.;Reach to the Blaze:You know the produce flame cantrip. Once you reach 3rd level$ you can cast the burning hands spell once with this trait as a 1st-level spell$ and you regain the ability to cast it this way when you finish a long rest. Constitution is your spellcasting ability for these spells.;Fire Resistance:You have resistance to fire damage.,,,,
Genasi,Water Genasi,30,M,18,120,Common;Primordial,Often Neutral,0,0,2,0,1,0,Amphibious:You can breathe air and water.;Swim:You have a swimming speed of 30 feet.;Call to the Wave:You know the shape water cantrip. When you reach 3rd level$ you can cast the create or destroy water spell as a 2nd-level spell once with this trait$ and you regain the ability to cast it this way when you finish a long rest. Constitution is your spellcasting ability for these spells.;Acid Resistance:You have resistance to acid damage.,,,,
Gith,Githyanki,30,M,18,100,Common;Gith;Any One Language,Often lawful or chaotic evil,2,0,0,1,0,0,Githyanki Psionics:You know the <i>Mage Hand</i> cantrip$ and the hand is invisible when you cast the cantrip with this trait.<>When you reach 3rd level$ you can cast the <i>Jump</i> spell once with this trait$ and you regain the ability to do so when you finish a long rest. When you reach 5th level$ you can cast the <i>Misty Step</i> spell once with this trait$ and you regain the ability to do so when you finish a long rest.<>Intelligence is your spellcasting ability for these spells. When you cast them with this trait$ they don't require components.,Light Armor;Medium Armor,One of your choice,Shortswords;Longswords;Greatswords,One of your choice
Gith,Githzerai,30,M,18,100,Common;Gith,Often lawful neutral,0,0,0,1,2,0,Githzerai Psionics:You know the <i>Mage Hand</i> cantrip$ and the hand is invisible when you cast the cantrip with this trait.<>When you reach 3rd level$ you can cast the <i>Shield</i> spell once with this trait$ and you regain the ability to do so when you finish a long rest. When you reach 5th level$ you can cast the <i>Detect Thoughts</i> spell once with this trait$ and you regain the ability to do so when you finish a long rest.<>Wisdom is your spellcasting ability for these spells. When you cast them with this trait$ they don't require components.;Mental Discipline:You have advantage on saving throws against the charmed and frightened conditions. Under the tutelage of monastic masters$ githzerai learn to govern their own minds.,,,,
Gnome,Forest Gnome,25,S,40,400,Common;Gnomish,Often good,0,1,0,2,0,0,Gnome cunning:You have advantage on all Intelligence$ Wisdom$ and Charisma saving throws against magic.;Darkvison:You have superior vision in dark and dim conditions. You can see in dim light within 60 feet of you as if it were bright light$ and in darkness as if it were dim light. You can’t discern color in darkness$ only shades of gray.;Natural Illusionist:You know the <i>minor illusion</i> cantrip. Intelligence is your spellcasting ability for it.;Speak with Small Beasts:Through sounds and gestures$ you can communicate simple ideas with Small or smaller beasts. Forest gnomes love animals and often keep squirrels$ badgers$ rabbits$ moles$ woodpeckers$ and other creatures as beloved pets.,,,,
Gnome,Rock Gnome,25,S,40,400,Common;Gnomish,Often good,0,0,1,2,0,0,Gnome cunning:You have advantage on all Intelligence$ Wisdom$ and Charisma saving throws against magic.;Darkvison:You have superior vision in dark and dim conditions. You can see in dim light within 60 feet of you as if it were bright light$ and in darkness as if it were dim light. You can’t discern color in darkness$ only shades of gray.;Artificer's Lore:Whenever you make an Intelligence (History) check related to magic items$ alchemical objects$ or technological devices$ you can add twice your proficiency bonus$ instead of any proficiency bonus you normally apply.;Tinker:You have proficiency with artisan’s tools (tinker’s tools). Using those tools$ you can spend 1 hour and 10 gp worth of materials to construct a Tiny clockwork device (AC 5$ 1 hp). The device ceases to function after 24 hours (unless you spend 1 hour repairing it to keep the device functioning)$ or when you use your action to dismantle it. At that time$ you can reclaim the materials used to create it. You can have up to three such devices active at a time.<>When you create a device$ choose one of the following options.<><b>Clockwork Toy.</b> This toy is a clockwork animal$ monster$ or person$ such as a frog$ mouse$ bird$ dragon$ or soldier. When placed on the ground$ the toy moves 5 feet across the ground on each of your turns in a random direction. It makes noises as appropriate to the creature it represents.<><b>Fire Starter.</b> The device produces a miniature flame$ which you can use to light a candle$ torch$ or campfire. Using the device requires your action.<><b>Music Box.</b> When opened$ this music box plays a single song at a moderate volume.<>The box stops playing when it reaches the song’s end or when it is closed.,,Tinker's tools,,
Gnome,Deep Gnome,25,S,25,250,Common;Gnomish;Undercommon,Often neutral,0,1,0,2,0,0,Gnome cunning:You have advantage on all Intelligence$ Wisdom$ and Charisma saving throws against magic.;Superior darkvision:Your darkvision has a radius of 120 feet.;Stone Camouflage:You have advantage on Dexterity (stealth) checks to hide in rocky terrain.,,,,
Goblin,Goblin,30,S,8,60,Common;Goblin,Often neutral evil,0,2,1,0,0,0,Darkvision:You can see in dim light within 60 feet of you as if it were bright light$ and in darkness as if it were dim light. You can't discern color in darkness$ only shades of gray.;Fury of the Small:When you damage a creature with an attack or a spell and the creature's size is larger than yours$ you can cause the attack or spell to deal extra damage to the creature. The extra damage equals your level. Once you use this trait$ you can't use it again until you finish a short or long rest.;Nimble Escape: You can take the Disengage or Hide action as a bonus action on each of your turns.,,,,
Goblin,Dankwood Goblin,30,S,8,60,Common;Goblin,Often neutral ,0,2,0,0,1,0,Darkvision:You can see in dim light within 60 feet of you as if it were bright light$ and in darkness as if it were dim light. You can't discern color in darkness$ only shades of gray.;Speak with Small Beasts:hrough sounds and gestures$ you can communicate simple ideas with Small or smaller beasts. Dankwood goblins love animals and often keep squir-rels$ badgers$ rabbits$ moles$ woodpeckers$ and other creatures as beloved pets.;Nimble Escape: You can take the Disengage or Hide action as a bonus action on each of your turns.,,,,
Goliath,Goliath,30,M,18,90,Common;Giant,Often lawful,2,0,1,0,0,0,Powerful Build:You count as one size larger when determining your carrying capacity and the weight you can push$ drag$ or lift.;Mountain Born:You’re acclimated to high altitude$ including elevations above 20$000 feet. You’re also naturally adapted to cold climates.;Stone's Endurance:You can focus yourself to occasionally shrug off injury. When you take damage$ you can use your reaction to roll a d12. Add your Constitution modifier to the number rolled$ and reduce the damage by that total. After you use this trait$ you can't use it again until you finish a short or long rest.,,,,Athletics 
Grung,Grung,25,S,1,70,Common;Grung,Often lawful evil,0,2,1,0,0,0,Poison Immunity:You are immune to poison damage and the poisoned condition.;Poisonous Skin:Any creature that touches you with its bare skin for the first time on its turn or is touching you at the beginning of its turn must succeed on a Constitution saving throw. The save DC is equal to 8 + your proficiency bonus + your Constitution modifier. On a failed save$ the creature is poisoned until the start of its next turn.;Standing Leap:Your long jump is up to 25 feet and your high jump is up to 15 feet$ with or without a running start.;Secrete Poison:As an action$ you can apply your body’s poison to a melee weapon or up to 3 pieces of ammunition. The poison loses its potency after 1 minute. A creature struck by a weapon or piece of ammunition poisoned in this way must make a Constitution saving throw with the same DC equal to 8 + your proficiency bonus + your Constitution modifier or be poisoned for 1 minute. A poisoned creature can repeat the saving throw at the end of its turn.;Water Dependancy:If you fail to immerse yourself in water for at least 1 hour during a day$ you suffer 1 level of exhaustion at the end of that day. You can recover from this exhaustion only through magic or by immersing yourself in water for at least 1 hour.,,,,
Half-Elf,Half-Elf,30,M,20,180,Common;Elvish;Any One Language,Often chaotic,0,0,0,0,0,2,Ability Score Increase:Two ability scores of your choice other than charisma increase by 1;Fey Ancestry:You have advantage on saving throws against being charmed$ and magic can’t put you to sleep.;Darkvison:Thanks to your elf blood$ you have superior vision in dark and dim conditions. You can see in dim light within 60 feet of you as if it were bright light$ and in darkness as if it were dim light. You can’t discern color in darkness$ only shades of gray.,,,,Choose 2 of your choice
Half-Orc,Half-Orc,30,M,14,75,Common;Orc,Often chaotic,2,0,1,0,0,0,Darkvison:You have superior vision in dark and dim conditions. You can see in dim light within 60 feet of you as if it were bright light$ and in darkness as if it were dim light. You can’t discern color in darkness$ only shades of gray.;Relentless Endurance:When you are reduced to 0 hit points but not killed outright$ you can drop to 1 hit point instead. You can’t use this feature again until you finish a long rest.;Savage Attacks:When you score a critical hit with a melee weapon attack$ you can roll one of the weapon’s damage dice one additional time and add it to the extra damage of the critical hit.,,,,Intimidation 
Halfling,Stout Halfling,25,S,20,250,Common;Halfling,Often lawful good,0,2,1,0,0,0,Lucky:When you roll a 1 on the d20 for an attack roll$ ability check$ or saving throw$ you can reroll the die and must use the new roll.;Brave:You have advantage on saving throws against being frightened.;Halfling Nimbleness:You can move through the space of any creature that is of a size larger than yours.;Naturally Stealthy:You can attempt to hide even when you are obscured only by a creature that is at least one size larger than you.,,,,
Halfling,Lightfoot Halfling,25,S,20,250,Common;Halfling,Often lawful good,0,2,0,0,0,1,Lucky:When you roll a 1 on the d20 for an attack roll$ ability check$ or saving throw$ you can reroll the die and must use the new roll.;Brave:You have advantage on saving throws against being frightened.;Halfling Nimbleness:You can move through the space of any creature that is of a size larger than yours.;Stout Resilience:You have advantage on saving throws against poison$ and you have resistance against poison damage.,,,,
Halfling,Lotusden Halfling,25,S,20,250,Common;Halfling,Often lawful good,0,2,0,0,1,0,Lucky:When you roll a 1 on the d20 for an attack roll$ ability check$ or saving throw$ you can reroll the die and must use the new roll.;Brave:You have advantage on saving throws against being frightened.;Halfling Nimbleness:You can move through the space of any creature that is of a size larger than yours.;Child of the Wood:You know the <i>druidcraft</i> cantrip. When you reach 3rd level$ you can cast the <i>entangle</i> spell once with this trait and regain the ability to do so when you finish a long rest. When you reach 5th level$ you can cast the <i>spike growth</i> spell once with this trait and regain the ability to do so when you finish a long rest. Casting these spells with this trait doesn't require material components. Wisdom is your spellcasting abil­ity for these spells.;Timberwalk:Ability checks made to track you have disadvantage$ and you can move across difficult terrain made of nonmagical plants and undergrowth without expending extra movement.,,,,
Halfling,Ghostwise,25,S,20,250,Common;Halfling,Often lawful good,0,2,0,0,1,0,Lucky:When you roll a 1 on the d20 for an attack roll$ ability check$ or saving throw$ you can reroll the die and must use the new roll.;Brave:You have advantage on saving throws against being frightened.;Halfling Nimbleness:You can move through the space of any creature that is of a size larger than yours.;Silent Speech:You can speak telepathically to any creature within 30 feet of you. The creature understands you only if the two of you share a language. You can speak telepathically in this way to one creature at a time.,,,,
Hobgoblin,Hobgoblin,30,M,18,80,Common;Goblin,Often lawful evil,0,0,2,1,0,0,Darkvision:You can see in dim light within 60 feet of you as if it were bright light$ and in darkness as if it were dim light. You can't discern color in darkness$ only shades of gray.;Saving Face:Hobgoblins are careful not to show weakness in front of their allies$ for fear of losing status. If you miss with an attack roll or fail an ability check or a saving throw$ you can gain a bonus to the roll equal to the number of allies you can see within 30 feet of you (maximum bonus of +5). Once you use this trait$ you can't use it again until you finish a short or long rest.,Light Armor,,Two martial weapons of your choice,
Huldrefolk,Hulder,30,M,35,200,Common;Huldish,Often Lawful,2,0,1,0,0,0,Darkvison:You have superior vision in dark and dim conditions. You can see in dim light within 60 feet of you as if it were bright light$ and in darkness as if it were dim light. You can’t discern color in darkness$ only shades of gray.;Mask of the Wild:You can attempt to hide even when you are only lightly obscured by foliage$ heavy rain$ falling snow$ mist$ and other natural phenomena.;Hidden Step:As a bonus action$ you can magically turn invisible until the start of your next turn or until you attack$ make a damage roll$ or force someone to make a saving throw. Once you use this trait$ you can't use it again until you finish a short or long rest.,,,,Persuasion;Survival
Huldrefolk,Huldra,30,M,35,200,Common;Huldish,Often Lawful,0,0,0,1,0,2,Darkvison:You have superior vision in dark and dim conditions. You can see in dim light within 60 feet of you as if it were bright light$ and in darkness as if it were dim light. You can’t discern color in darkness$ only shades of gray.;Huldish Dealings:Due to your people’s history of making tricky deals with others$ you have advantage on all rolls related to making deals with people you aren’t close friends with.;Charming Magic:As a part of your people's long and ancient history$ you have a little innate magic related to your ability to charm your way through life. You have the ability to cast the spell <i>charm person</i> as a 1st-level spell once with this trait and regain the ability to do so when you finish a long rest. Charisma is your spellcasting ability for this spell.,,,,Persuasion;Deception 
Human,Human,30,M,18,80,Common;Any One Language,Varied,1,1,1,1,1,1,,,,,
Human,Variant,30,M,18,80,Common;Any One Language,Varied,0,0,0,0,0,0,Ability Score Increase:Two different ability scores of your choice increase by 1.;Skills:You gain proficiency in one skill of your choice.;Feat:You gain one feat of your choice.,,,,
Jotnar,Jotlit,30,M,30,200,Common;Giant,Often neutral,2,0,1,0,0,0,Powerful Build:You count as one size larger when determining your carrying capacity and the weight you can push$ drag$ or lift.;Mountain Born:You’re acclimated to high altitude$ including elevations above 20$000 feet. You’re also naturally adapted to cold climates.,,,,Athletics 
Jotnar,Jotunn,30,L,20,150,Common;Giant;Any One Language,Often Good,3,0,0,0,0,0,Powerful Build:You count as one size larger when determining your carrying capacity and the weight you can push$ drag$ or lift.;Mountain Born:You’re acclimated to high altitude$ including elevations above 20$000 feet. You’re also naturally adapted to cold climates.,,,,
Kalashtar,Kalashtar,30,M,18,80,Common;Quori;Any One Language,Often Lawful good,0,0,0,0,2,1,Dual Mind:When you make a Wisdom saving throw$ you can use your reaction to gain advantage on the roll. You can use this trait immediately before orafter you roll$ but before any of the roll’s effects occur.;Mental Discipline:You have resistance to psy­chic damage.;Mind Link:You can speak telepathically to any creature you can see within 60 feet of you. You don’t need to share a language with the creature for it to understand your telepathic messages$ but the creature must be able to understand at least one language or be telepathic itself.<>As a bonus action when you’re speaking telepathically to a creature$ you can give that creature the ability to speak telepathically to you until the start of your next turn.To use this ability$ the creature must be within 60 feet of you and able to see you;Severed from Dreams:Kalashtar sleep$ but they don't connect to the plane of dreams as other creatures do. Instead$ their minds draw from the memories of their otherworldly spirit while they sleep. As such$ you are immune to spells and other magical effects that require you to dream$ like <i>dream$</i> but not to spells and other magical effects that put you to sleep$ like the <i>sleep</i> spell.;Psychic Glamour:Choose one of the following skills~ Insight$ Intimidation$ Performance$ or Persuasion. You have advantage on all ability checks you make with that skill.,,,,
Kenku,Kenku,30,M,12,60,Common;Auran,Often chaotic,0,2,0,0,1,0,Expert Forgery:You can duplicate other creatures' handwriting and craftwork. You have advantage on all checks made to produce forgeries or duplicates of existing objects.;Mimicry:You can mimic sounds you have heard$ including voices. A creature that hears the sounds you make can tell they are imitations with a successful Wisdom (Insight) check opposed by your Charisma (Deception) check.,,,,Choose two from:Acrobatics|Deception|Stealth|Sleight of Hand
Kobold,Kobold,30,S,6,120,Common;Draconic,Often lawful evil,-2,2,0,0,0,0,Darkvision:You can see in dim light within 60 feet of you as if it were bright light$ and in darkness as if it were dim light. You can't discern color in darkness$ only shades of gray.;Grovel$ Cower$ and Beg:As an action on your turn$ you can cower pathetically to distract nearby foes. Until the end of your next turn$ your allies gain advantage on attack rolls against enemies within 10 feet of you that can see you. Once you use this trait$ you can't use it again until you finish a short or long rest.;Pack Tactics:You have advantage on an attack roll against a creature if at least one of your allies is within 5 feet of the creature and the ally isn't incapacitated.;Sunlight Sensitivity:You have disadvantage on attack rolls and on Wisdom (Perception) checks that rely on sight when you$ the target of your attack$ or whatever you are trying to perceive is in direct sunlight.,,,,
Leonin,Leonin,35,M,18,80,Common;Leonin,Often good,1,0,2,0,0,0,Darkvision:You can see in dim light within 60 feet of you as if it were bright light$ and in darkness as if it were dim light. You can't discern color in darkness$ only shades of gray.;Claws:Your claws are natural weapons$ which you can use to make unarmed strikes. If you hit with them$ you deal slashing damage equal to 1d4 + your Strength modifier$ instead of the bludgeoning damage normal for an unarmed strike.;Daunting Roar:As a Bonus Action$ you cna let out an especially menacing roar. Creature of your choice within 10 feet of you that can hear you must succeed on a Wisdom saving throw or become frightened of you until the end of your next turn. The DC of the save equals 8 + your proficiency bonus + your Constitution modifier. Once you use this trait$ you can't use it again until you finish a short or long rest.,,,,Choose one from:Athletics|Intimidation|Perception|Survival
Lizardfolk,Lizardfolk,30,M,14,60,Common;Draconic,Often neutral,0,0,2,0,1,0,Bite:Your fanged maw is a natural weapon$ which you can use to make unarmed strikes. If you hit with it$ you deal piercing damage equal to 1d6 + your Strength modifier$ instead of the bludgeoning damage normal for an unarmed strike.;Cunning Artisan:As part of a short rest$ you can harvest bone and hide from a slain beast$ construct$ dragon$ monstrosity$ or plant creature of size Small or larger to create one of the following items~ a shield$ a club$ a javelin$ or 1d4 darts or blowgun needles. To use this trait$ you need a blade$ such as a dagger$ or appropriate artisan's tools$ such as leatherworker's tools.;Hold Breath:You can hold your breath for up to 15 minutes at a time.;Natural Armor:You have tough$ scaly skin. When you aren't wearing armor$ your AC is 13 + your Dexterity modifier. You can use your natural armor to determine your AC if the armor you wear would leave you with a lower AC. A shield's benefits apply as normal while you use your natural armor.;Hungry Jaws:In battle$ you can throw yourself into a vicious feeding frenzy. As a bonus action$ you can make a special attack with your bite. If the attack hits$ it deals its normal damage$ and you gain temporary hit points (minimum of 1) equal to your Constitution modifier$ and you can't use this trait again until you finish a short or long rest.,,,,Choose two from:Animal Handling|Nature|Perception|Stealth|Survival
Locathah,Locathah,30,M,10,80,Common;Aquan,Mostly neutral,2,1,0,0,0,0,Speed:You have a swim speed of 30.;Natural Armor:You have tough$ scaly skin. When you aren’t wearing armor$ your AC is 12 + your Dexterity modifier. You can use your natural armor to determine your AC if the armor you wear would leave you with a lower AC. A shield’s benefits apply as normal while you use your natural armor.;Leviathan Will:You have advantage on saving throws against being charmed$ frightened$ paralyzed$ poisoned$ stunned$ or put to sleep.;Limited Amphibiousness:You can breathe air and water$ but you need to be submerged at least once every 4 hours to avoid suffocating.,,,,Athletics;Perception
Loxodon,Loxodon,30,M,18,450,Common;Loxodon,Often Lawful,0,0,2,0,1,0,Powerful Build:You count as one size larger when determining your carrying capacity and the weight you can push$ drag$ or lift.;Loxodon Serenity:You have advantage on saving throws against being charmed or frightened.;Natural Armor:You have thick$ leathery skin. When you aren't wearing armor$ your AC is 12 +your Constitution modifier. You can use your natural armor to determine your AC if the armor you wear would leave you with a lower AC. A shield's benefits apply as normal while you use your natural armor.;Trunk:You can grasp things with your trunk$ and you can use it as a snorkel. lt has a  reach of 5 feet$ and it can lift a number of pounds equal to five times your Strength score. You can use it  to do the following simple tasks~ lift$ drop$ hold$ push$ or pull an object or a creature$ open or close a door or a container$ grapple someone$ or make an unarmed strike. Your DM might allow other simple tasks to be added to that list of options. Your trunk can't wield weapons or shields or do anything that requires manual precision$ such as using tools or magic items or performing the somatic components of a spell.;Keen Smell:Thanks to your sensitive trunk$ you have advantage on Wisdom (Perception)$ Wisdom (Survival)$ and Intelligence (Investigation) checks that involve smell.,,,,
Minotaur,Minotaur,30,M,18,80,Common;Minotaur,Often lawful or chaotic,2,0,1,0,0,0,Horns:Your horns are natural melee weapons$ which you can use to make unarmed strikes. If you hit with them$ you deal piercing damage equal to 1d6 + your Strength modifier instead of the bludgeoning damage normal for an unarmed strike.;Goring Rush:Immediately after you use the Dash action on your turn and move at least 20 feet$ you can make one me lee attack with your horns as a bonus action.;Hammering Horns:Immediately after you hit a creature with a melee attack as part of the Attack action on your turn$ you can use a bonus action  to attempt to shove that target with your horns. The target must be no more than one size larger than you and within 5  feet of you. Unless it succeeds on a Strength saving throw against a DC equal to 8 + your proficiency bonus + your Strength modifier$ you push it up to 10 feet away from you.,,,,Choose 1 from:Intimidation|Persuasion
Minotaur,Minotaur (revised),30,M,18,80,Common;Minotaur,Often lawful,2,0,1,0,0,0,Horns:Your horns are natural melee weapons$ with which you’re proficient. When you hit with them$ the target takes piercing damage equal to 1d6 + your Strength modifier.;Goring Rush:Immediately after you use the Dash action on your turn and move at least as far as your speed$ you can make one melee attack with your horns as a bonus action.;Hammering Horns:Immediately afteryou hit a creature with a melee attack as part of the Attack action on your turn$you can attempt to shove thatcreature with yourhorns using yourreaction.The creature must be no more than one size larger than you and within 5 feet of you. It must make a Strength saving throw against a DC equal to 8 + your proficiency bonus + your Strength modifier. If it fails$ you push it up to 5 feet away from you.;Hybrid Nature:You have two creature types~ humanoid and monstrosity. You can be affected by a game effect if it works on either of your creature types.,,,,Intimidation
Orc,Orc (Volo),30,M,12,50,Common;Orc,Often chaotic evil,2,0,1,-2,0,0,Darkvision:You can see in dim light within 60 feet of you as if it were bright light$ and in darkness as if it were dim light. You can't discern color in darkness$ only shades of gray.;Aggressive:As a bonus action$ you can move up to your speed toward an enemy of your choice that you can see or hear. You must end this move closer to the enemy than you started.;Powerful Build:You count as one size larger when determining your carrying capacity and the weight you can push$ drag$ or lift. ,,,,Intimidation
Orc,Orc (Exandria),30,M,16,80,Common;Orc,Often chaos or lawful,2,0,1,0,0,0,Darkvision:You can see in dim light within 60 feet of you as if it were bright light$ and in darkness as if it were dim light. You can't discern color in darkness$ only shades of gray.;Aggressive:As a bonus action$ you can move up to your speed toward an enemy of your choice that you can see or hear. You must end this move closer to the enemy than you started.;Powerful Build:You count as one size larger when determining your carrying capacity and the weight you can push$ drag$ or lift.,,,,Choose two from:Animal Handling|In­sight|Intimidation|Medicine|Perception|Survival
Satyr,Satyr,35,M,18,80,Common;Sylvan,Often chaotic,0,1,0,0,0,2,Fey:Your creature type is fey$ rather than humanoid.;Ram:You can use your head and horns to make unarmed strikes. If you hit with them$ you deal bludgeoning damage equal to 1d4 + your Strength modifier.;Magic Resistance:You have advantage on saving throws against spells and other magical effects.;Mirthful Leaps:Whenever you make a long or high jump$ you can roll a d8 and add the number rolled to the number of feet you cover$ even when making a standing jump. This extra distance costs movement as normal.,,Choose one instrument,,Performance;Persuasion
Shifter,Beasthide Shifter,30,M,10,70,Common,Often chaotic neutral,1,0,2,0,0,0,Darkvision:You have superior vision in dark and dim conditions. You can see in dim light within 60 feet of you as if it were bright light$ and in darkness as if it were dim light. You can't discern color in darkness$ only shades of gray.;Shifting:As a bonus action$ you can assume a more bestial appearance. This transformation lasts for 1 minute$ until you die$ or until you revert to your normal appearance as a bonus action. When you shift$ you gain temporary hit points equal to your level +your Constitu­tion modifier (minimum of 1  temporary hit point). You also gain additional benefits that depend on your shifter subrace$ described below.<>Once you shift$ you can't do so again until you finish a short or long rest.;Shifting Feature:Whenever you shift$ you gain 1d6 additional temporary hit points. While shifted$ you have a + 1 bonus to your Armor Class.,,,,Athletics
Shifter,Longtooth Shifter,30,M,10,70,Common,Often chaotic neutral,2,1,0,0,0,0,Darkvision:You have superior vision in dark and dim conditions. You can see in dim light within 60 feet of you as if it were bright light$ and in darkness as if it were dim light. You can't discern color in darkness$ only shades of gray.;Shifting:As a bonus action$ you can assume a more bestial appearance. This transformation lasts for 1 minute$ until you die$ or until you revert to your normal appearance as a bonus action. When you shift$ you gain temporary hit points equal to your level +your Constitu­tion modifier (minimum of 1  temporary hit point). You also gain additional benefits that depend on your shifter subrace$ described below.<>Once you shift$ you can't do so again until you finish a short or long rest.;Shifting Feature:While shifted$ you can use your elongated fangs to make an unarmed strike as a bonus action. If you hit with your fangs$ you can deal pierc­ing damage equal to 1d6 +your Strength modifier$ instead of the bludgeoning damage normal for an un­armed strike.,,,,Intimidation
Shifter,Swiftstride Shifter,30,M,10,70,Common,Often chaotic neutral,0,2,0,0,0,2,Darkvision:You have superior vision in dark and dim conditions. You can see in dim light within 60 feet of you as if it were bright light$ and in darkness as if it were dim light. You can't discern color in darkness$ only shades of gray.;Shifting:As a bonus action$ you can assume a more bestial appearance. This transformation lasts for 1 minute$ until you die$ or until you revert to your normal appearance as a bonus action. When you shift$ you gain temporary hit points equal to your level +your Constitu­tion modifier (minimum of 1  temporary hit point). You also gain additional benefits that depend on your shifter subrace$ described below.<>Once you shift$ you can't do so again until you finish a short or long rest.;Shifting Feature:While shifted$ your walking speed increases by 10 feet. Additionally$ you can move up to 10 feet as a reaction when a creature ends its turn within 5 fe et of you. This reactive movement doesn't provoke opportunity attacks.,,,,Acrobatics
Shifter,Wildhunt Shifter,30,M,10,70,Common,Often chaotic neutral,0,1,0,0,2,0,Darkvision:You have superior vision in dark and dim conditions. You can see in dim light within 60 feet of you as if it were bright light$ and in darkness as if it were dim light. You can't discern color in darkness$ only shades of gray.;Shifting:As a bonus action$ you can assume a more bestial appearance. This transformation lasts for 1 minute$ until you die$ or until you revert to your normal appearance as a bonus action. When you shift$ you gain temporary hit points equal to your level +your Constitu­tion modifier (minimum of 1  temporary hit point). You also gain additional benefits that depend on your shifter subrace$ described below.<>Once you shift$ you can't do so again until you finish a short or long rest.;Shifting Feature:While shifted$ you have advantage on Wisdom  checks$ and no creature within 30 feet of you can make an attack roll with advantage against you$ unless you're incapacitated.,,,,Survival
Simic Hybrid,Simic Hybrid,30,M,18,600,Common;Your choice of Elvish or Vedalken,Often neutral,0,0,2,0,0,0,Ability Score Increase:One ability score of your choice other than Constitution increases by 1.;Darkvision:You can see in dim light within 60 feet of you as if it were bright light$ and in darkness as if it were dim light. You can't discern color  in darkness$ only shades of gray.;Animal Enhancement:Your body has been altered to incorporate certain animal characteristics. You choose one animal enhancement now and a second enhance-ment at 5th level. At 1st level$ choose one of the following options~<><b>Manta Glide.</b> You have ray-like fins that you can use as wings to slow your fall or allow you to glide. When you fall and aren't incapacitated$ you can subtract up to 100 feet from the fall when calculating falling damage$ and you can move up to 2 feet horizontally for every 1 foot you descend.<><b>Nimble Climber.</b> You have a climbing speed equal to your walking speed. <><b>Underwater Adaptation.</b> You can breathe air and water$ and you have a swimming speed equal to your walking speed. <>At 5th level$ your body evolves further$ developing new characteristics. Choose one of the options you didn't take at 1st level$ or one of the following options~<><b>Grappling Appendages.</b> You have two special appendages growing alongside your arms. Choose whether they're both claw s or tentacles. As an action$ you can use one of them to try to grapple a creature. Each one is also a natural weapon$ which you can use to make an unarmed strike. If you hit with it$ the target takes bludgeoning damage equal to 1d6 + your Strength modifier$ instead of the bludgeoning damage normal for an unarmed strike. Immediately after hitting$ you can try to grapple the target as a bonus action. These appendages can't precisely manipulate anything and can't wield weapons$ magic items. or other specialized equipment. <><b>Carapace.</b> Your skin in places is covered by a thick shell. You gain a +1 bonus to AC when you're not wearing heavy armor. <><b>Acid Spit.</b> As an action$ you can spray acid from glands in your mouth$ targeting one creature or object you can see within 30 feet of you. The target takes 2d10 acid damage unless it succeeds on a  Dexterity saving throw against a DC equal to 8 + your Constitution modifier+ your proficiency bonus. This damage increases by 1d10 when you reach 11th level (3d10) and 17th level (4d10). You can use this trait a number of times equal to your Consitution modifier (minimum of once)$ and you regain all expended uses of it when you finish a long rest.,,,,
Tabaxi,Tabaxi,30,M,18,80,Common;Any One Language,Often Chaotic,0,2,0,0,0,1,Darkvison:You have superior vision in dark and dim conditions. You can see in dim light within 60 feet of you as if it were bright light$ and in darkness as if it were dim light. You can’t discern color in darkness$ only shades of gray.;Feline Agility:Your reflexes and agility allow you to move with a burst of speed. When you move on your tum in combat$ you can double your speed until the end of the tum. Once you use this trait$ you can't use it again until you move O feet on one of your turns.;Cat's Claws:Because of your claws$ you have a climbing speed of 20 feet. In addition$ your claws are natural weapons$ which you can use to make unarmed strikes. If you hit with them$ you deal slashing damage equal to 1d4 + your Strength modifier$ instead of the bludgeoning damage normal for an unarmed strike. ,,,,Perception;Stealth 
Tiefling,Tiefling,30,M,18,90,Common;Infernal,Often CE,0,0,0,1,0,2,Darkvison:You have superior vision in dark and dim conditions. You can see in dim light within 60 feet of you as if it were bright light$ and in darkness as if it were dim light. You can’t discern color in darkness$ only shades of gray.;Hellish resistance:You have resistance to fire damage.;Infernal Legacy:You know the thaumaturgy cantrip. When you reach 3rd level$ you can cast the hellish rebuke spell as a 2nd-level spell once with this trait and regain the ability to do so when you finish a long rest. When you reach 5th level$ you can cast the darkness spell once with this trait and regain the ability to do so when you finish a long rest. Charisma is your spellcasting ability for these spells.,,,,
Tiefling,Feral Tiefling,30,M,18,90,Common;Infernal,Often CE,0,2,0,1,0,0,Darkvison:You have superior vision in dark and dim conditions. You can see in dim light within 60 feet of you as if it were bright light$ and in darkness as if it were dim light. You can’t discern color in darkness$ only shades of gray.;Hellish resistance:You have resistance to fire damage.;Infernal Legacy:You know the thaumaturgy cantrip. When you reach 3rd level$ you can cast the hellish rebuke spell as a 2nd-level spell once with this trait and regain the ability to do so when you finish a long rest. When you reach 5th level$ you can cast the darkness spell once with this trait and regain the ability to do so when you finish a long rest. Charisma is your spellcasting ability for these spells.,,,,
Tiefling,Winged Tiefling,30,M,18,90,Common;Infernal,Often CE,0,0,0,1,0,2,Darkvison:You have superior vision in dark and dim conditions. You can see in dim light within 60 feet of you as if it were bright light$ and in darkness as if it were dim light. You can’t discern color in darkness$ only shades of gray.;Hellish resistance:You have resistance to fire damage.;Winged:You have bat-like wings sprouting from your shoulder blades. You have a flying speed of 30 feet.,,,,
Tiefling,Variant Tiefling,30,M,18,90,Common;Infernal,Often CE,0,0,0,1,0,2,Darkvison:You have superior vision in dark and dim conditions. You can see in dim light within 60 feet of you as if it were bright light$ and in darkness as if it were dim light. You can’t discern color in darkness$ only shades of gray.;Hellish resistance:You have resistance to fire damage.;Variant Tiefling Feature:Choose one from the following two features~<><b>Devil's Tongue.</b> You know the <i>vicious mockery</i> cantrip. When you reach 3rd level$ you can cast the <i>charm person</i> spell as a 2nd-level spell once with this trait. When you reach 5th level$ you can cast the <i>enthrall</i> spell once with this trait. You must finish a long rest to cast these spells once again with this trait. Charisma is your spellcasting ability for them.<><b></b>You know the <i>thaumaturgy</i> cantrip. When you reach 3rd level$ you can cast the <i>burning hands</i> spell as a 2nd-level spell once with this trait and regain the ability to do so when you finish a long rest. When you reach 5th level$ you can cast the <i>darkness</i> spell once with this trait and regain the ability to do so when you finish a long rest. Charisma is your spellcasting ability for these spells.,,,,
Tortle,Tortle,30,M,15,50,Common;Aquan,Often lawful good,2,0,0,0,1,0,Claws:Your claws are natural weapons$ which you can use to make unarmed strikes. If you hit   with them$ you deal slashing damage equal to 1d4 + your Strength modifier$ instead of the bludgeoning damage normal for an unarmed strike.;Hold Breath:You can hold your breath for up to 1 hour at a time. Tortles aren't natural swimmers$ but they can remain underwater for some time before needing to come up for air.;Natural Armor:Due to your shell and the shape of your body$ you are ill-suited to wearing armor. Your shell provides ample protection$ however; it gives you a base AC of   17 (your Dexterity modifier doesn't affect this number). You gain no benefit from wearing armor$ but if you are using a shield$ you can apply the shield's bonus as normal.;Shell Defense:You can withdraw into your shell as an action. Until you emerge$ you gain a +4  bonus to AC$ and you have advantage on Strength and Constitution saving throws. While in your shell$ you are prone$ your speed is 0 and can't increase$ you have disadvantage on Dexterity saving throws$ you can't take reactions$ and the only action you can take is a bonus action to emerge from your shell.,,,,Survival
Triton,Triton,30,M,15,200,Common;Primordial,Often lawful good,1,0,1,0,0,1,Amphibious:You can breathe air and water.;Control Air and Water:A child of the sea$ you can call on the magic of elemental air and water. You can cast fog cloud with this trait. Starting at 3rd level$ you can cast gust of wind with it$ and starting at 5th level$ you can also cast wall of water with it (see the spell in the sidebar). Once you cast a spell with this trait$ you can't do so again until you finish a long rest. Charisma is your spellcasting ability for these spells.;Emissary of the Sea: Aquatic beasts have an extraor-dinary affinity with your people. You can communicate simple ideas with beasts that can breathe water. They can understand the meaning of your words$ though you have no special ability to understand them in return.;Guardians of the Depths:Adapted to even the most extreme ocean depths$ you have resistance to cold dam-age$ and you ignore any of the drawbacks caused by a deep$ underwater environment.;Darkvision:You have superior vision in dark and dim conditions. You can see in dim light within 60 feet of you as if it were bright light$ and in darkness as if it were dim light. You can't discern color in darkness$ only shades of gray.,,,,
Vedalken,Vedalken,30,M,40,500,Common;Vedalken;Any One Language,Often lawful and non-evil,0,0,0,2,1,0,Vedalken Dispassion:You have advantage on all Intelligence$ Wisdom$ and Charisma saving throws.;Tireless Precision:You are proficient in one of the following skills of your choice: Arcana$ History$ Investigation$ Medicine$ Performance$ or Sleight of Hand. You are also proficient with one tool of your choice. Whenever you make an ability check with the chosen skill or tool$ roll a d4 and add the number rolled to the check's total.;Partially Amphibious:By absorbing oxygen through your skin$ you can breathe underwater for up to 1 hour. Once you've reached that limit$ you can't use this trait again until you finish a long rest.,,Choose one tool,,Choose 1 from:Arcana|History|Investigation|Medicine|Performance|Slight of Hand
Verdan,Verdan,30,S/M,24,200,Common;Goblin;Any one language,Generally good,0,0,1,0,0,2,Size:Verdan start out similar in size to the goblins they were created from$ ranging from 3 to 4 feet in height. But at some point after reaching maturity$ each verdan undergoes a sudden growth spurt of 2 feet or more. At 1st level$ you are a Small creature. When you reach 5th level$ you become a Medium creature.;Black Blood Healing:The black blood that is a sign of your people's connection to That-Which-Endures boosts your natural healing. When you roll a 1 or 2 on any Hit Die you spend at the end of a short rest$ you can reroll the die and must use the new roll.;Limited Telepathy:You can telepathically speak to any creature you can see within 30 feet of you. You don't need to share a  language with the creature for it to understand your telepathy$ but it must be able to understand at least one language. This process of communication is slow and limited$ allowing you to transmit and receive only simple ideas and straightforward concepts.;Telepathic Insight:Your mind's connection to the world around you strengthens your will. You have advantage on all Wisdom and Charisma saving throws.,,,,Persuasion
Warforged,Envoy,30,M,2,30,Common;Any One Language,Often lawful neutral,0,0,1,0,0,0,Ability Score Increase:Two different ability scores of your choice each increase by 1.;Warforged Resilience:You were created to have remarkable fortitude$ represented by the following benefits~<ul><li>You have advantage on saving throws against being poisoned$ and you have resistance topoison damage.</li><li>You are immune to disease.</li><li>You don’t need to eat$ drink$ or breathe.</li><li>You don’t need to sleep and don’t suffer the effects of exhaustion due to lack of rest$ and magic can’t put you to sleep.</ul>;Sentry's Rest:When you take a long rest$ you must spend at least six hours of it in aninactive$ motionless state$ rather than sleeping.In this state$ you appear inert$ but it doesn’t renderyou unconscious$andyoucan see and hear as normal.;Integrated Protection:Your body has built-in protective layers$ which determine your Armor Class. You gain no benefit from wearing armor$ but if you are using a shield$you apply its bonus as normal.You can alter your body to enter different defensive modes. Each time you finish a long rest$ choose one mode to adopt from the Integrated Protection table$ provided you meet the mode’s prerequisite.<><b>Darkwood core (unarmored)</b>$ no prerequisite.<>Armor class is 11 + your Dexterity modifier (add proficiency bonus if proficient with light armor)<><b>Composite plating</b> (armor)$ requires medium armor proficiency.<>13 + your Dexterity modifier (maximum of 2) + your proficiency bonus<><b>Heavy plating</b> (armor)$ requires proficiency in heavy armor.<>16 + your proficiency bonus;disadvantage on Dexterity (Stealth) checks.;Integrated Tool:Choose one tool you’re proficient with.This tool is integrated into your body$and you double your proficiency bonus for any ability checks you make with it. You must have your hands free to use this integrated tool.,,Choose one tool (See Integrated Tool Feature),,Choose one skill
Warforged,Juggernaut,30,M,2,30,Common,Often lawful neutral,2,0,1,0,0,0,Warforged Resilience:You were created to have remarkable fortitude$ represented by the following benefits~<ul><li>You have advantage on saving throws against being poisoned$ and you have resistance topoison damage.</li><li>You are immune to disease.</li><li>You don’t need to eat$ drink$ or breathe.</li><li>You don’t need to sleep and don’t suffer the effects of exhaustion due to lack of rest$ and magic can’t put you to sleep.</ul>;Sentry's Rest:When you take a long rest$ you must spend at least six hours of it in aninactive$ motionless state$ rather than sleeping.In this state$ you appear inert$ but it doesn’t renderyou unconscious$andyoucan see and hear as normal.;Integrated Protection:Your body has built-in protective layers$ which determine your Armor Class. You gain no benefit from wearing armor$ but if you are using a shield$you apply its bonus as normal.You can alter your body to enter different defensive modes. Each time you finish a long rest$ choose one mode to adopt from the Integrated Protection table$ provided you meet the mode’s prerequisite.<><b>Darkwood core (unarmored)</b>$ no prerequisite.<>Armor class is 11 + your Dexterity modifier (add proficiency bonus if proficient with light armor)<><b>Composite plating</b> (armor)$ requires medium armor proficiency.<>13 + your Dexterity modifier (maximum of 2) + your proficiency bonus<><b>Heavy plating</b> (armor)$ requires proficiency in heavy armor.<>16 + your proficiency bonus;disadvantage on Dexterity (Stealth) checks.;Iron Fists:When you hit withan unarmed strike$ you can deal 1d4 + your Strength modifier bludgeoning damage$instead of the normal damage for an unarmed strike.;Powerful Build:You count as one size larger when determining your carrying capacity and the weight you can push$ drag$ or lift.,,,,
Warforged,Skirmisher,30,M,2,30,Common,Often lawful neutral,0,2,1,0,0,0,Warforged Resilience:You were created to have remarkable fortitude$ represented by the following benefits~<ul><li>You have advantage on saving throws against being poisoned$ and you have resistance topoison damage.</li><li>You are immune to disease.</li><li>You don’t need to eat$ drink$ or breathe.</li><li>You don’t need to sleep and don’t suffer the effects of exhaustion due to lack of rest$ and magic can’t put you to sleep.</ul>;Sentry's Rest:When you take a long rest$ you must spend at least six hours of it in aninactive$ motionless state$ rather than sleeping.In this state$ you appear inert$ but it doesn’t renderyou unconscious$andyoucan see and hear as normal.;Integrated Protection:Your body has built-in protective layers$ which determine your Armor Class. You gain no benefit from wearing armor$ but if you are using a shield$you apply its bonus as normal.You can alter your body to enter different defensive modes. Each time you finish a long rest$ choose one mode to adopt from the Integrated Protection table$ provided you meet the mode’s prerequisite.<><b>Darkwood core (unarmored)</b>$ no prerequisite.<>Armor class is 11 + your Dexterity modifier (add proficiency bonus if proficient with light armor)<><b>Composite plating</b> (armor)$ requires medium armor proficiency.<>13 + your Dexterity modifier (maximum of 2) + your proficiency bonus<><b>Heavy plating</b> (armor)$ requires proficiency in heavy armor.<>16 + your proficiency bonus;disadvantage on Dexterity (Stealth) checks.;Swift:Your walking speed increases by 5 feet.;Light Step:When you are traveling alone for an extended period of time (one hour or more)$ you can move stealthily at a normal pace.,,,,
Yuan-Ti Pureblood,Yuan-Ti Pureblood,30,M,18,80,Common;Abyssal;Draconic,Often neutral evil,0,0,0,1,0,2,Darkvision:You can see in dim light within 60 feet of you as if it were bright light$ and in darkness as if it were dim light. You can't discern color in darkness$ only shades of gray.;Innate Spellcasting:You know the <i>poison spray</i> cantrip. You can cast <i>animal friendship</i> an unlimited number of times with this trait$ but you can target only snakes with it. Starting at 3rd level$ you can also cast <i>suggestion</i> with this trait. Once you cast it$ you can't do so again until you finish a long rest. Charisma is your spellcasting ability for these spells.;Magic Resistance:You have advantage on saving throws against spells and other magical effects.;Poison Immunity:You are immune to poison damage and the poisoned condition.,,,,
